temp_avg,humidity_avg,hive_weight,brood_count,active_days,historical_yield_avg,yield_kg
29.869021545015713,64.43565999069108,25.55398786515859,7863,74,43.75668288652841,37.38380782386656
37.35928598332891,58.76337282204422,36.25702842135074,15693,118,17.13182606946912,42.273576478197135
34.51592124354826,50.83346657002147,46.188375076292246,31523,35,28.316537091815945,50.94167851468856
32.78256029456148,68.48282568974321,41.96674659228684,6177,42,20.04982853296014,33.1197321964695
27.028242325751673,63.96559103938577,44.19683443584349,9760,89,37.74990466618438,42.76422422137616
27.027928764370635,45.691592877071194,39.76350100132152,5011,48,30.215767805840514,34.94355789662118
25.75508695818659,71.88245145728449,40.768296935535574,26636,22,32.21038461426063,42.34756271939599
36.26028989507416,68.78880350231091,45.47586954695958,21353,73,37.92699558655629,51.627610406036816
32.81449515266171,73.24299696521734,27.490040265775576,25783,100,23.85896654318592,46.173052874189786
34.20494351134859,65.40018279359259,34.68274890929422,16556,86,42.02815239424651,45.23696765488017
25.26759842584543,61.46953185775264,26.636283254588065,32598,63,28.6560103536149,44.16935023680943
37.60882807810593,54.63850627017166,49.630040239899415,16563,93,15.52841879923718,43.47680861137899
35.82175433040548,72.64549691739046,48.321780190598396,19051,31,34.356469135908085,48.949547543683984
27.760408438817592,70.3122361325143,21.182804341055178,16022,74,37.764147265338906,35.16551259191147
27.36372457369231,41.58265345371663,41.16725517547066,13234,101,21.086658697363433,38.77322444580244
27.38425862809464,40.92284410740382,47.757449522469976,30519,102,40.00127399495635,60.0
28.95514915847399,53.17621784073174,25.417260353820005,31966,59,41.71501391680182,50.00031247616362
31.82183361121909,68.36936657736415,37.038356916578884,26829,97,19.691657058223313,47.56117930875824
30.615285242347504,74.55466452602306,47.46464892764126,21173,83,44.42325154503277,58.42757560714095
28.785978822574545,45.264591188623484,21.018379357573966,32121,46,14.924903481706544,37.19258234632836
32.954087631390934,60.794575037324734,40.922608017405196,31987,58,17.070548394087147,51.932331467411586
26.813420188476545,53.33117998208576,28.920470221176522,18178,79,16.447869373330914,33.288901887140774
28.797880430957836,73.94700392351112,47.73188586129591,11570,101,41.289639850275464,49.80380701034182
29.762703962817994,69.4741623097498,49.131747354961036,30580,115,32.90023933137367,60.0
30.928909794821468,69.34150466488983,48.32799467340302,29596,22,15.323649912779551,47.613474894234095
35.207287498109174,56.40426059282396,34.226426499723914,5406,91,25.411319642892217,35.088316694990745
27.595759168058677,54.51868258181828,45.86127952967941,14206,86,31.53543087744307,45.6924276325948
31.685047699376952,49.569247517574716,45.33648195605211,9431,101,12.921242974628415,43.09709271716526
32.701389395206554,41.97314238278245,29.573014197297667,31414,57,40.884572894256856,55.906986079042944
25.60385536535997,70.26528316892686,44.86746422452032,32764,15,38.126123740453735,50.72290403467211
32.8980830747187,68.45153531955272,21.110229041464777,26627,65,27.68223707518234,42.73516520344298
27.21681360793479,74.99011856501457,37.888096354461595,11542,38,43.849431534070966,39.10720989486453
25.845670708808633,74.88228929758668,26.90026511863109,28320,113,24.62163427462849,45.94854053149374
37.33551198429333,59.44010969609196,23.617006573318363,13906,38,44.44386116627742,35.96265629933089
37.55321642996927,66.91455953131786,22.308596048876275,9146,31,33.37719995812695,25.410839291502484
35.50916552551399,73.06680054588497,40.88866327634419,17046,19,32.21349456388795,42.92100789601932
28.95997899925382,69.7376586737094,30.196248913041984,17611,34,15.808421335352474,32.468521531673986
26.26973748208299,48.65718356101192,41.74300314586284,18076,35,40.867471540662535,44.50413579123316
33.89502934465804,55.76904473585327,21.96069022396827,21524,118,24.96213907722153,40.58465829033038
30.721982418614818,44.52057953030233,29.45871013491831,34141,72,15.678169202386776,46.90499059705515
26.586497052982125,73.39178595405528,36.184738771260115,9882,45,10.441263199151566,28.23467312828974
31.437299831446513,61.2161122057808,43.721694945168906,19113,114,29.59144892734339,51.362468192902924
25.44705077449784,48.002498192621196,29.562575087962095,18645,25,28.45898677429367,28.75229040628223
36.82116522702417,63.50952395420499,38.77674129311028,11012,66,35.17737678292055,40.006147608228034
28.36413976080022,61.63448841602636,46.57933244708562,22347,29,41.15903185562307,47.88346650783717
33.612789696601766,52.53569513114942,38.47589564546914,12151,97,12.779230462506034,36.42225038940585
29.052243989162342,43.974515726987015,26.988784242609015,29948,21,35.602377161912685,41.96811172961872
31.76088427531154,63.50506184574799,20.73202344669614,33211,42,16.559418043415377,37.67332040037215
32.107233631462634,58.210769531632764,46.1029662170279,32117,65,40.03619686050074,60.0
27.40310792183185,67.03114371074737,20.638082325511615,8610,72,38.66722298515796,31.382035090312655
37.60460016093926,58.20572253891977,46.24105018052598,14884,19,28.927781424494054,38.780238346362815
35.07672670369449,69.82635251114891,35.868114020816364,11894,19,34.858497951815906,37.217143671646205
37.21348624033446,59.316739357107,48.17203095538689,18467,108,21.002253961431194,46.63161198344622
36.632755555559434,59.63282900373852,43.963497073209965,28695,110,26.49087646264851,58.87661485134657
32.772699724544104,70.68287609304207,49.93802331600013,21489,22,38.757291419866505,51.19077310542924
36.984365055300515,54.1219003174339,30.521354463551305,26923,78,26.074281901062488,45.287343136952394
26.150402526674952,44.69053299577243,43.0156486679338,14873,24,22.52293928639046,38.092487910231405
27.54777721144889,41.00739367096686,32.057927408277266,17289,52,27.297435653760495,40.644564869479204
25.587954755836996,66.42980394857666,34.396268609117264,17208,110,38.98872383530264,44.70633932306191
29.229294299922437,61.710834297371264,38.8251638965511,15828,106,21.732281657980543,41.88834247602511
30.052804765963266,64.64279188347282,46.21031342559016,28171,95,16.081655759751033,54.37947335766376
28.527537413060646,47.453745652811875,49.52250407597886,7137,109,34.92049071157733,47.86919189787826
35.773587618975085,44.773001645536944,43.04820241593555,32992,22,38.90923744478286,57.008148921361034
29.63779324701666,40.50906329837587,32.533003465020016,25829,118,13.522311748323666,42.11348154089461
28.65214862593595,52.270564558230895,32.6407100683121,24914,39,18.395593946458064,42.27818456615011
32.05504908105723,60.647119039912155,42.12746904766674,6286,87,14.969019641634787,33.79684498559065
26.832014924671913,53.728541578490635,27.16331437304907,20710,80,22.177949405375834,37.99303384504004
35.428560749802514,55.31162227083052,23.31422339394184,16371,93,25.762284261689445,35.85147388878033
25.96915836783702,71.6455543072812,30.638664729223294,20945,64,36.20892179371573,40.771468600106694
37.829530175806724,52.188941345815515,28.61716974962245,34734,81,32.7901654708586,48.25044768738525
35.03918200085655,57.98963212059338,28.889243613679703,12052,63,31.73249986174509,32.17391401073924
27.58330385994424,67.42785544594001,27.0082325314973,8654,50,22.333123131337906,27.76931981055545
25.071787522606833,53.87899738124446,21.262795689090858,28486,82,39.4506643579666,42.41191283288237
35.600998569912846,61.773034507975574,20.536218042002414,23743,92,26.49505085893576,37.63510211106508
34.18914547001902,70.18272980613608,49.63167169208094,20600,119,44.268672830530406,59.55097659404945
34.47709318453283,73.23322182801748,32.83319401207587,29489,55,32.19497484035079,43.58634824010404
35.026514506917295,45.14757183251633,31.52979941479045,13636,103,14.419265954757595,36.61052165811688
25.962580472543173,72.43056688065231,40.389418480792095,11441,76,33.666214672640194,35.827260687171815
29.660054471075544,57.224070257783836,26.547616635951925,26431,24,21.378640540109465,37.64490079475557
26.506297773826688,49.03855359046354,48.49883551850676,29611,35,34.02145188401341,53.55583814950132
36.22034453638271,56.06975146833915,43.590350432466565,26587,50,12.437440185684201,44.659379598438356
33.10287564875826,74.3011401349917,22.682330069367787,14667,26,16.12085030115858,27.072546707462088
29.30167432308444,57.24163328975044,32.52742327354785,17149,105,39.95080406170252,51.139441650567775
25.826258553718308,51.50630636006279,46.37354922686494,6798,118,17.95128449582302,38.46880976562343
29.04277018230361,62.1690299010854,48.34196066874231,31421,16,39.2964393835029,58.36357930813252
29.227383186347712,48.405096657236754,34.022045337496095,14600,27,19.774663095904366,31.291151794206385
34.48488031839483,42.65521648380324,38.40234167632123,26675,67,32.50086685205477,50.79876393907858
33.28824712761777,44.510790266872725,25.011018382762256,10495,46,34.29527007284409,36.38598609065408
36.533765653492246,44.48160436352204,49.7350587841093,14900,109,27.942916360076854,48.07185743608401
31.13879402710534,45.3165942729303,26.950151041503304,18673,30,20.685873684385594,34.170156966821246
26.55472519719792,44.85895104272935,48.281953224053765,16130,46,17.442553172988365,41.50417539157737
34.27218223389893,62.43061606811251,39.48939946977106,27668,46,11.161627409684918,41.181582530787296
34.890205632019665,46.36580295397007,38.232103846365774,20222,112,20.638124043425336,41.10089999674858
32.29660356840345,52.09835491633521,35.38065533049526,28669,25,32.86069766859491,48.89805127262076
35.02257333940929,71.38759434671042,26.92009435153276,6300,24,42.840668645696894,33.69432815319501
31.41934275273708,56.588657409200536,25.295840960165247,28253,29,40.49215687920682,43.717496519714686
31.795526781965922,63.364520848235955,26.61458627210526,14435,31,36.812267178735596,38.20239385387579
30.558033238661146,46.031195492057044,25.593147864327634,33552,54,37.595657013865456,51.99634588780999
25.330448647673236,46.730115658303475,43.3875342070026,24481,32,33.274471621659835,42.16935393300479
26.40258855091296,41.43040156932676,30.5037577750019,9616,69,19.110040014810103,27.674588681244
25.408579413927544,45.91272720752576,21.73528029690189,21393,87,41.75182607470404,41.52864740525271
33.27333534642914,49.75066186611855,49.07307890422434,34655,39,33.47563091670419,59.0267739873957
29.086627753992246,46.19536694968614,46.51357654890277,15617,118,29.615422084315398,48.20488585731012
31.611418985141135,43.10458868149695,47.83256849585639,10752,73,13.884631422471838,37.60398070640673
36.79836416103921,44.22225548852103,49.847234679393054,14852,92,25.64694403322489,49.6128030525335
28.240798978935373,56.1272568811454,25.216857476584618,32207,103,26.11253949206742,48.103589245769875
30.334977999463185,47.221680144202736,31.887260567079764,11295,36,40.25972633329345,36.62757315127072
34.82216480105963,52.74944513668264,42.74715427112274,26199,44,29.132687706572597,48.925238764950734
27.97437615139109,57.61960447991999,40.88061854161377,22456,98,23.314019213964336,48.428221477098205
26.00073882777431,64.1638190020278,24.616877190195652,8225,99,44.18801149787308,37.05035426048653
28.766768887878985,41.37592489443846,44.474993749718536,34530,58,13.875220766421048,50.50200371790425
27.095876734302056,67.97936396181649,26.73321715509982,6316,46,24.789194990918062,24.844737663093028
37.086069480453446,61.97651363218177,26.71452844467869,27083,65,11.470863630999185,35.42437697312654
35.50556493433742,42.86156611821052,36.10923268680241,17337,60,35.89664422684256,42.222580948316555
33.23424883463551,70.5752518437372,37.78819804525109,11807,35,42.13267932697027,42.482965002439634
36.328987672440334,72.23053401861347,37.402586235134336,28058,113,19.80130653426713,47.354100405113535
35.44773699968849,42.13772859492023,22.744605121932647,8683,46,40.04195868796923,32.78109445942179
27.425410765518464,49.69071768515213,46.32382587891141,12227,108,20.22763806616642,45.255423196014604
36.60326698036971,68.21704479275715,27.96800127766118,8273,53,41.87695565753703,35.34764961386037
32.01144914490346,66.18908916342804,23.885447638484123,28384,26,36.38866662588744,43.74225579275912
35.49672201713281,46.458235677473205,46.662442396069316,5145,119,38.171737189450354,42.96359231586315
36.649186899005414,47.32722631678486,48.6695449468926,10010,61,10.630229446015907,38.006829031860896
29.13404517463423,52.96652359769837,45.86382851796352,21035,32,43.69836249759091,48.743470326693036
26.430675018859798,56.958304481685744,44.285482241746344,8040,35,35.433484722461316,39.40264824002871
27.96315711304524,61.63891700356036,39.65725941917065,14654,27,20.66628833851467,36.266915268151855
30.552401252141333,52.911977384942034,36.52572111827418,34252,35,39.02881327005964,54.533989234553474
35.63419195699241,56.18871506466017,22.609602797342305,31160,22,19.853241944522548,37.31323568666269
36.189497582332464,66.16148283468148,32.25359639212096,21866,60,40.54638438481447,42.31651490522456
25.090377696905477,41.28391210117093,31.18065551036942,24563,118,13.940313664417795,41.93105694562377
31.639714933508355,48.835293052040726,27.792613512809787,22633,21,34.62900921112785,42.45520610287161
30.42634304093413,64.96723550595934,41.702603410657545,34344,37,28.924446682571862,51.7807391618675
27.887401536119494,71.33223931905198,34.87627205236312,22014,110,13.378706456840428,41.4849275028591
26.558249775337877,57.90871047404831,22.431386477229438,19996,89,18.466283989059363,34.362838695277524
29.388997228247163,58.623971984286044,26.60549605849434,21336,100,10.434141269706018,37.71206654074228
37.25782615086275,43.75102039689216,40.49776290978788,13853,36,26.406878791257704,36.96042729649307
29.20163811626982,55.65943283882091,22.283925784709005,16695,103,20.54428412660001,31.9364463976408
31.744278082663758,58.64160432592581,45.53620742146306,7852,36,30.942511950421558,38.24810269137949
34.139246465637314,48.48646762721554,34.854395810419234,21014,106,20.403323269801604,44.69460293041194
29.727184830930824,49.423513083228336,34.41759731979944,32042,43,20.497168902744463,48.009910342748576
37.63316707537249,53.204945708661796,37.77223353978553,5987,27,36.01176195560612,31.70109835422423
37.511814834247446,40.702491922220425,44.740428977754476,12622,96,11.684999259242371,41.93700177936733
28.273169845729733,51.27277079541124,30.43427623706579,28711,16,41.60132483171955,43.02419344963906
31.46423057660101,47.40068024487906,40.34048457677191,31122,43,39.82923560369135,54.886165459024035
28.911418027618005,51.46240732622701,36.97195891987373,30225,99,33.37316391292423,54.677630690290115
28.70292642690708,44.19167461367379,28.01084810508264,14160,93,30.76275495375845,38.20181076745045
25.479530315608926,71.16845482589632,46.358899590654744,32213,66,41.23058743488782,56.32302424951351
32.92433634173866,60.7757358743917,43.92278064820785,22484,41,16.486556283505006,44.238434648887875
31.5348273019752,63.76858117005713,39.75355503975277,11652,64,12.763920676679001,35.75407375834184
25.66922376624986,67.62099335125684,45.51745187282726,30016,109,18.382855946833836,52.57805436591879
28.62240403507595,57.445476962517006,46.01882602879407,12421,93,37.81023975450666,48.637612037756334
36.8074565175665,43.04221008305983,41.25088930145104,26400,37,11.213459335426917,39.796329871373075
28.11430457867064,58.79872896364917,45.11039985091016,5769,102,30.398239227922137,37.7674900518005
26.8836333371859,60.53943913073077,40.92414385007851,22727,58,44.84031306669585,49.909844567700674
31.36288588360832,66.09038159645155,40.40422315280901,19114,91,39.949363284313876,52.182396339563624
37.81345590343781,55.108084118038775,38.55834134645553,9358,36,28.25059911652563,33.776390841329516
28.146718529649505,44.465310597844734,42.58149918672923,33305,57,12.227431825032482,48.36072647611931
33.73776211627642,49.93215670295535,24.75815315879221,33482,51,39.09807300349985,51.455363283846616
34.90105499927333,52.70788037395223,46.426122775967855,31153,75,30.964247786202368,55.885089050486336
28.089288071901194,62.60710344660605,46.15530583235696,28164,111,14.02265489708484,51.43182298871199
34.466812531954176,59.97724066341192,20.877418491036774,33584,70,13.285004968817468,41.944702684218754
29.781180725350293,52.46338540642462,44.77450251694288,27986,17,41.83693868028074,53.52959872972633
33.21997579771653,74.52803370775429,23.866096024203355,34670,77,33.42200920283275,48.61414400954584
33.23588623989163,61.20211867749105,30.053565627774255,16543,33,39.025037976086445,38.31061463153845
31.96507089297186,48.30293771075981,42.30524768874823,34371,37,40.76426150987936,60.0
26.17376701070731,43.56238654171413,24.822796881449246,23733,43,30.01203232169128,40.80829774048291
35.85893244266009,45.35006987145162,44.53901072357186,33178,44,28.110622311426443,55.94103929559132
29.170140844632567,48.60852049345779,44.964025338732256,10699,53,25.064959361234656,39.42859616732867
27.424740635198106,45.62384806408445,35.224032012825084,22625,39,21.093130572689176,36.74284855311149
25.53007684021193,46.529845841795705,20.191576151505007,6125,115,25.21085863005491,27.945678428590032
32.681608261447145,49.97833090428465,28.61114399524738,15793,22,37.08578795055547,40.92741338039967
33.80833670394967,46.06807583531642,38.507807551272265,30766,72,31.067320085529605,54.805550503612665
25.21564177606213,71.38678986192488,49.435585340822705,11764,30,41.238315148419616,43.11495621464706
31.65720975789065,42.808181098157476,38.95440581050005,26485,86,25.51830050327157,52.0834098021645
27.944445077573192,58.357898634958914,27.794107431924793,17323,15,31.24813525515639,31.62629447589295
33.38724627532285,54.363888944638155,39.02017109298834,18031,19,32.095764358219604,40.24829529053046
27.26676357706489,74.38325159180123,36.19956139147567,19052,17,30.709400680721394,36.564425204237665
33.98219059533206,43.92136157588183,43.39536185453431,17640,79,34.59218205799307,49.66322489386884
30.027559501906985,53.92494596660096,23.20941916480875,12843,18,18.310171393118218,27.296785362148995
37.17748985357755,73.93146516463791,42.83083707506084,19210,118,27.93273221410267,48.40060264419447
26.78777227389791,70.29274940628932,36.23799736028331,21456,113,13.647868098292168,40.075879429999574
29.43386256365336,68.5975224832248,48.88976011576984,26856,110,23.45789646756844,55.5920889105028
26.475155776127657,49.026598946572896,30.25616498116058,15106,78,27.068347401744255,35.66428060551563
37.02101703762132,45.981065558652304,38.97865679401845,10189,112,32.82784908409154,40.67995947520886
36.40541159395275,63.402512697355085,47.960843165300524,7472,103,43.26858684051712,48.422999725541686
28.353241160297024,72.5281596194655,23.07529183972038,32622,24,31.022787329192454,41.57049302820269
33.57979259844433,59.486701255487546,48.11685461709354,22091,35,36.02578706617959,47.86634761903793
35.62388860261581,60.00644413144649,40.636571669024406,23188,60,27.719312082332095,43.7467099045096
32.21761055079301,49.79926827810995,22.03511177315516,11704,117,32.1936410981716,35.03091513991814
31.885457518628083,66.9322526617178,29.028907008404488,8713,105,12.482627564682069,32.07834706055387
28.144079781705873,46.54653119951332,41.24516265935845,10051,41,18.903705329464643,33.53013749589586
26.21033598147669,51.32877327414853,22.020518044063152,15756,80,22.664858262179855,32.05214169134604
36.663804853393245,54.89027535157459,37.4651138052882,7475,55,26.537267425227974,34.37423902280607
36.7054347431233,57.76636325395593,30.376491708588702,8610,27,11.597706092583431,25.659818741941702
33.23031894455248,48.48434063452781,38.62746553302431,9255,23,14.900843414366118,28.80796215096261
29.40738728363311,44.01928886587213,21.372261014375386,19484,50,19.688500772695704,33.01447465653915
29.53972446996459,61.37170148545714,46.146104184571286,32399,100,44.00364418153677,60.0
34.43742382531311,50.10206936340895,49.2046690753219,28781,104,21.59714524860678,58.74714283411071
36.6624333793835,60.34333774979143,49.06633565857074,6735,72,26.871437033922888,36.91397484210178
36.53212351544653,45.40269503459708,42.48955495228774,31161,68,16.863419945843752,47.55027271377065
35.13838209614911,56.839903564918615,23.90258720391896,13258,26,31.37730248765189,29.892276703567617
33.34641140000574,58.6406301393055,42.747895877870675,32637,95,19.8239125430591,51.80717484166519
26.093819544935634,41.813823788784944,20.737607493764045,12979,92,17.244740245344936,28.492310052016155
27.10117328322998,51.78114973678722,20.663706545869918,7428,28,28.080041995609268,24.29707702212266
36.68120445085203,44.7045136928641,29.708306574486237,17345,48,10.192702970614729,29.62008776417818
32.88357777557467,42.21812396654687,34.65929571213997,12426,67,10.268241142722886,29.31228331856651
25.119561671016186,74.64860813364808,43.112222534233794,13533,34,17.667408318565023,37.85264635711448
26.319130057258416,51.282384574115305,40.49886129819515,10249,89,11.28524768752874,34.38501756312205
33.625522998404726,68.34560560491222,33.37708119130245,32350,30,13.780901394574197,48.26535127895129
25.065800590000844,48.912422916731735,28.208799988449975,26675,109,21.860122726856304,41.77101809776337
27.09050466842748,63.85259527783752,49.913735004731336,24201,84,38.09049878529345,58.107872117549505
32.13353926176562,66.60797509613903,32.78543906707919,32237,70,30.02170251792553,53.84415493869843
33.99463757000501,60.84735592127455,33.541610729890266,30808,97,27.943370408474575,51.59410214688616
33.47549637353381,56.505166599255546,24.908714635750076,25258,115,20.27210881228426,46.42717995240523
27.91550102298728,54.4144319951544,43.84428646249788,31977,72,42.61138018014857,58.86884246744213
34.258329877517966,52.21038932900483,40.81046677344466,14686,18,23.89552644330171,36.10786319226416
28.0842381374584,72.5335200486739,26.62308838366281,19109,18,13.048246837852002,21.825868784082232
29.23019607607048,69.07167927257052,22.47143136847528,25595,34,31.597328064123044,40.38769641711079
34.704388266534316,73.77594187332794,40.41497906224139,5661,24,13.984343771681049,24.772046941465025
33.445227687613794,44.35040282199407,39.63533642843406,17075,38,22.082809998059222,38.164161990251465
36.039904336424314,65.58036163212755,28.197785809946282,33195,113,27.75941785512331,49.50240841806677
33.548967599904465,72.84191598873633,48.52590686751231,19788,40,40.59778836398115,50.9309371391852
32.38801184336113,46.34315731579811,24.531736753427005,15060,51,27.274130311904152,35.398981686962905
26.217771981765203,42.32736935783721,32.97004403127806,20836,116,34.579056811108245,47.24102548160979
29.780305439772636,65.93922272515206,48.30847760502797,15526,99,44.748589364967465,55.9809231675658
28.44763077986243,60.10655896129691,32.59181950778367,8374,68,14.602119196429356,31.554801625022073
28.171865363928084,69.46400718653952,39.15577842992256,30592,118,19.615603393183182,51.66856895635431
37.64913721178179,44.892033181920134,31.927831938883827,33982,117,23.81016264591762,50.93404487531244
30.110270420667884,67.83435591509615,28.226456070460102,5207,35,24.763986248859098,28.611224269799028
36.596605217302475,47.056956201671056,49.51932943879485,7665,88,24.385737634294102,42.74449838828924
33.20480213796442,45.72795800029966,32.28002018945129,23877,52,41.76638508947942,50.101024533794764
35.33254694604143,45.74930292758475,46.82297611037403,28197,60,34.99114255633998,53.34460805788788
31.534282210367497,68.51011520809837,26.898638176732586,5632,18,31.276682493174633,28.858343954994407
32.49975050014267,63.281902724367,26.3931411207525,31678,74,20.828045125197374,46.17446192284762
31.40273001964523,58.30728986691918,20.93402248653534,32535,71,38.83266344774532,52.18816521817371
27.538158841374578,52.55906694432259,39.550004761276554,8083,59,43.42711790197461,39.72899531654402
34.391877498399566,70.70201892845878,31.055790311712833,34328,34,38.74193988925793,48.61095860334477
28.650040711731126,53.73557875979224,45.93074749518911,18711,31,10.054778681701551,38.84750286805675
25.3161075636089,68.5809803815052,34.19629720074671,15123,85,32.274047956419246,35.107567540373
33.39113984679318,55.369721799957645,49.045802837441656,25103,18,11.789738350473526,42.21375630165856
27.302438832291635,53.193055029871765,25.565765471093634,12123,107,19.016252711680266,30.40711130458946
37.22596159658789,56.193792498436224,46.05869503866832,15754,28,12.08336451217201,33.02540687322218
37.401071501033634,50.548225595744974,43.297905583752254,6679,17,31.132840853228572,31.99461978555817
36.89323707286583,66.1663283061688,43.127655339321564,20901,102,34.030646972241236,53.40029994604948
29.812063103320778,57.59521365323677,45.34349684350663,5236,115,14.00706733230668,38.54485620222512
25.200936014875275,48.1274443301386,42.830719728289964,12446,94,23.434360906574284,39.39019017181745
37.06814131364043,71.4851100646099,38.78660964894246,9443,72,25.96827781344397,38.33138119696071
30.566393928125088,53.436192748062396,23.937346330471627,28154,69,22.91685576163208,40.24064135234659
37.566512647567706,59.024350138989604,20.975785384737556,20463,18,14.235875016981757,24.323836583797345
37.52705970216029,71.72652388375914,47.6254354344706,34301,38,24.663172656561642,54.93455317605471
36.089122921075685,61.84832985698972,38.499509435622144,31116,48,36.29123167329463,53.72543532979053
28.827835596904613,44.091431424792745,43.89611872928529,27483,44,12.485268258663941,43.45848831399643
30.00627047182503,72.89412432647163,34.4456705453765,33519,96,12.80630049286662,46.740970366439
36.06477672971914,61.969781857499626,23.519245668871832,34943,33,22.416995214259448,45.252017594532774
29.11998606703161,51.721696512998015,23.755573766076512,13555,45,42.960399906662374,33.482602760353096
27.203405706919202,44.87452254321855,40.566958616869144,23752,74,33.40004263530199,48.10466394938596
32.23841641195855,67.79088162446035,32.90917684698388,21669,74,33.75344848353977,47.32678139943818
37.17001206409015,61.702546457497974,26.0157418010101,5148,33,22.66719967932527,26.731927283036203
34.04838735677465,58.671138219171254,34.74783640224311,18395,63,30.778127692298845,43.45421115240645
32.41079521116174,71.28624040678352,21.92626811225402,25421,77,10.354591440971019,37.35347268863323
26.263294419019992,67.60090239285857,37.45914205743196,27933,97,32.26336162433398,50.523670303575024
32.99509394708921,45.30862079064629,28.06980213305293,28505,36,41.96504316516828,49.84192287802064
37.87070005135542,50.91027237284419,43.92677301911564,34127,38,31.44007139206867,53.83767479523988
26.821092198074812,48.6971198935063,29.310858767707213,31342,90,40.57945077132207,49.72097790029993
31.738285480728578,66.0381202400437,33.656604472454035,9895,44,35.33905694131329,39.08582105608114
36.40584993506342,41.17363521575228,20.348616197243018,26664,72,14.21954457412916,37.40757970186656
34.62999203080466,59.94613897049608,22.173406633836766,22396,116,41.58586575500446,49.03548674838477
34.061204632938484,66.68605400092417,31.774806692200542,16023,45,12.32553455245212,31.930653639710847
34.13229309183242,70.68679728666123,34.39816504151371,15699,114,28.688861539171732,42.12777549517576
29.67338496585682,51.97286120505676,38.00061644357911,14715,78,14.974799332771019,32.60978218643914
28.81669397543841,68.74400566352045,28.749877361279097,24169,33,10.409731375581643,34.05597165921794
35.52169502122068,43.872110793432256,40.849456583796275,32132,62,24.771199104467364,53.8365450914766
35.53147413082935,69.62583021070813,45.803671915676134,25109,59,20.326424767895467,49.41056223690249
36.27194014154135,44.46210318161938,43.3955296668005,21163,114,27.010017282916106,51.70633668176455
36.87212718323413,53.90505516961285,21.188564760450713,25960,108,30.20199603570928,43.46773387265189
31.647451185192192,67.90533780228438,34.41520841773487,10782,69,11.530867530813158,34.22930136442439
31.519711830933595,45.24710995720708,23.147905352545244,27641,69,14.305115329331098,40.97886067042319
35.37783732656808,48.02379883314245,27.261350475875822,31177,111,29.55248387576489,49.74145795260135
33.449531100110946,65.27883989375732,49.59987779801439,23792,32,22.010857361043037,49.0735089019811
34.125569404350145,65.2012787791126,24.2748662870454,21724,77,35.52107206423068,41.864028725324175
35.34530470266931,62.4401671509854,34.966644603540686,7817,106,32.83020770071789,40.3242922120771
36.57006944362836,64.2881955563485,38.54467202954358,20096,61,39.59615270464674,44.59782118283799
29.393937039069964,58.99535551716586,41.07394911632312,23880,89,34.23724893342289,49.758859131232555
29.882578384319274,48.81296706174335,36.78946050460742,27346,71,25.047587708655186,50.29028287781677
26.221765217931296,52.09935977263718,20.29312542257551,34506,59,33.55383178380514,47.58575041786596
32.51764183295026,46.3559200880499,29.793839247319756,10299,47,19.638341098939648,31.9150492105993
25.467249559357647,71.79576964667699,35.53134930154134,14917,31,20.720972457237444,32.57567663417786
31.052774235721984,60.41871281681422,22.635994974345,28958,84,37.61448059722777,44.120437536630995
32.054380251198495,54.02979958672739,30.518807936275422,23073,18,25.624683074055376,39.34716064523109
28.725036277667698,56.17020312754464,20.996093263740995,8267,34,37.94331191814234,30.230618946580122
32.68083238739714,73.15491688641353,22.35735491465062,9406,61,38.784783078389744,33.37626776687811
25.396503249207644,45.367299109062806,31.907698286047882,29837,105,40.014681818144936,51.92819943739295
25.485526453739787,60.5180441205879,23.98147262129181,22826,29,42.08223325444226,42.68938165514671
35.693807288575556,57.70610376095631,37.02622544784674,29981,84,25.08448271796537,50.18122210908124
29.682478338346417,61.40089824021267,40.683949074117976,15382,61,21.16033864123986,40.59939178291168
26.651786664474503,40.63385643372942,44.017600973272486,9437,92,30.376956130793985,42.96534467255983
31.789162380712455,70.5243368130453,26.004507327344303,10435,89,22.991034820316965,31.717264188428615
35.00991619028194,72.62413988692643,25.024477467772094,29819,117,31.037595838008155,50.24496348742105
27.80567335745896,59.77966142562231,23.137035210032007,34161,23,34.69550519253386,47.711218329585336
33.097576185647,64.38277883569123,39.0929074863091,9107,104,34.09417564722479,47.005761452477046
26.109517044918984,72.28747834120534,41.19427179460703,5560,30,23.109351045704248,29.866993157125197
25.6718623751919,64.75335220096895,20.94758434476926,17329,83,15.840107059456349,29.52316118552436
31.907610210385926,45.33886650199915,48.086367387310695,32301,75,25.068526846177264,58.43870296191988
32.028256580931384,60.17009260583846,21.559138509544173,30169,24,14.990795042866806,37.45420306455428
33.28658871947668,61.23502662339996,36.238890059032116,26932,64,41.15339623143329,55.91607764675674
34.4391873383946,54.84457349558351,41.27181558352749,6826,17,22.10571112582501,29.007605525761353
37.68607703301295,65.7755482468653,46.129073712382564,16421,91,15.406091152816332,40.97476371855269
31.71190452791554,72.70284551691552,41.42260796397284,32863,108,10.890671596701281,50.62224491950464
29.198434148236196,72.39489795173716,44.051842492093755,17265,84,32.60378352002695,46.03968065597456
35.337420531993146,55.77937799914462,30.183505776284182,12629,95,32.29158111091601,39.9884020857635
28.520819266406964,43.963331604426436,44.44475341239537,13325,65,21.92114583034521,41.6359987260096
30.706628469173268,74.4694419636817,22.403445391540252,24522,33,12.509916109667785,31.50255191167598
26.019932957449456,69.3614330256077,46.84449968181583,33495,56,24.337011321333122,54.962134875959016
25.329559664400946,44.36319384211434,36.42777128461209,34619,49,20.892612327218774,49.59218187239976
37.51442939081303,72.22946589160803,44.51893309887481,12693,60,33.699222390725325,46.20244503270779
35.86774156665868,70.44637267217449,33.569548535549,13264,40,31.202273730844162,36.27538222781193
34.04766467921807,58.15933199941252,39.30733085589575,17686,83,22.7607804869139,41.78187732774232
30.316388277385506,60.69464025107253,35.792079828083395,18716,107,17.626239398924653,40.466203321075454
27.252826160920996,53.96509463545456,41.947685652659956,29226,78,44.581258815445715,55.62672581372369
27.03368155472412,41.9166573587711,22.448899460917687,11721,51,25.890056741864022,31.07392679723464
28.25315767613974,51.731903457606535,21.810562519716914,28386,98,34.08959825230829,43.60650067433909
32.13994664117956,68.0998707009304,27.41309702030439,25609,63,14.919353865242627,42.03585782935118
34.28974699510081,40.1621208051611,24.78634040339565,24362,35,26.995639488078922,36.761904779634285
33.582565897330504,51.67247100919005,46.15350699776605,12373,88,10.963785195431292,37.733374289678274
28.639140660297258,53.935904275683015,26.57641962074133,10907,78,27.690929126865747,33.17900677719861
37.413248648621526,58.8088461028273,49.27595767457394,27481,19,43.74060924911958,53.21012743397301
34.59265991704499,72.19494657444662,30.106873753133208,21127,114,23.44723495450301,45.52692164104932
32.20660268264821,52.122109802808644,25.463537470660977,33937,84,11.364860440121905,48.304346245148224
32.95236970104658,52.14336206636797,43.690955214274375,10656,104,11.083452682177024,37.17308911955586
30.45480081156127,65.8125436838412,39.761233265026284,31561,18,23.579536598140432,46.98898417272902
28.220502863515048,55.827627931143255,34.94587149359417,13984,117,15.60087277621179,37.6522241276479
29.6276448224664,47.86116880289937,36.66090652812893,34984,53,10.817323371486507,47.74207372256344
34.8519994360368,55.83538306464427,41.57605334816792,25643,49,36.46747648825619,50.75520583496845
25.187115352186826,44.929995713292996,26.853642239938964,13286,15,26.048305310866173,30.62645169830763
26.508944326589912,46.173544527717816,49.89001748170226,10901,38,20.12356701904291,39.34880965318318
25.598034346282788,57.44287204588179,49.2437948644035,30709,71,41.502911405576825,57.26648581355132
25.52947443014661,54.662390732659176,39.50977059040811,9917,114,14.064863607018395,36.24010590769638
36.120987592143095,72.01960653738351,25.986273527874353,13429,84,43.457159013436176,43.556680087460244
34.147552171940305,52.68378646908216,40.40684727293874,19716,55,20.988835108207347,41.009835583191084
31.16425977813523,60.32059225973152,22.165952269375275,20795,68,41.09412853080384,42.654556985814054
26.27184408846302,62.12925007718356,20.919575066174183,16138,60,31.103000676781154,31.938373731844056
31.39100637651882,40.458305980591675,27.73048665533641,7530,74,38.93475759095206,35.727236108947004
31.155133020147353,63.22380802058487,33.87868870217949,23344,74,44.44046071236625,48.522901238227206
27.2516243088302,46.2312588404413,46.04817516225141,28429,71,20.0941903236561,47.356494354444436
30.64007144009365,73.63746111143092,41.81507209298924,22432,45,43.63974198926575,52.12034196227613
30.180561547165855,45.20319547135895,42.28119563599943,10772,98,23.631866321584713,44.43650130497622
33.00605127467881,54.51184433044583,32.764800033442256,20476,38,23.49291666579228,37.92760025236701
33.25621746127937,42.98723838275254,30.378049776408886,23913,103,21.9135486489077,43.6082410899649
25.588952127036578,74.89059881460815,31.131162889538082,20751,50,28.949266257165483,42.17278469465982
29.869963990144125,57.57682536159349,49.62948691208173,7964,99,15.395076511247048,37.66934629414667
33.136178904285075,60.838475606201534,21.203275742374473,12137,44,29.379901987530392,27.5451973354821
31.54077136154114,42.34767670859496,46.01094488367346,22347,38,28.95966843435014,46.89216395817117
36.13436793544819,66.24861646397122,37.3602622571718,21920,44,36.66656344117045,44.385995628157474
33.56301721104629,47.346695758345504,33.158462575687714,18891,100,39.17774866781549,44.95110541788162
27.118147552058588,71.43190013042498,41.757729812454095,12340,106,25.41544726093484,41.69604198707828
25.917393716205588,47.17988741687025,34.60006824274109,28563,21,20.58166372730228,42.35120257161515
33.3514506166821,46.67407022322833,46.20269714244982,12967,49,19.076721406098308,36.78509801713279
25.344647037041085,41.279238374683324,47.02105592033776,17415,69,16.811834284670518,41.02109712021439
32.61508255655502,56.52234307884997,32.65162780620366,16871,106,12.017665376965871,39.11107880103907
37.22299313852445,59.76943966419157,28.304833917051546,33763,28,21.98567925921497,42.40256455025429
32.481164312386426,42.299802379992336,37.77050985780087,16916,24,19.458669224577413,37.13540002123472
30.046209040684786,67.14346658432537,47.37090036850073,13734,94,43.82460850532426,52.74927718822163
33.36274683975059,55.86510921618097,26.319865670169996,5845,30,29.519808918751536,26.165710006094045
30.957287576389717,58.3536594264653,38.688997506904485,33179,68,22.154696366067764,55.19933487178267
32.093018261107154,55.42669614283798,38.94680660277562,27161,109,30.31636603477936,57.413128954354
37.23904251409483,54.02670713063641,41.99339067245843,24420,103,14.871884547099341,48.38248693152599
30.019334291410065,59.58741159578763,23.947030553817793,27331,91,25.541531222077104,46.25338497040442
37.49547732971089,45.43340860757494,41.47474894046266,7494,84,31.918201249737233,35.65330985689474
36.76955834542883,46.367484567334486,47.270975619969235,17677,58,27.111424112735797,46.65294971801987
27.545284752260855,70.1624967354731,25.39049326610726,24103,87,24.062258022901347,41.960024175659846
25.90169691137715,73.11404117467714,27.12629974771633,23268,59,44.78469361148944,41.99127887629466
26.310114017906546,53.065826069791356,49.14185282124919,17330,114,40.81101667521244,53.796259237872945
25.236883733470147,49.476063560024386,25.429308581284694,25733,70,31.819208535580405,42.50727394775025
26.227758489827067,62.539984013365554,45.63155280108737,32777,98,29.928207641379895,60.0
33.87908805441264,54.30569598843337,34.768335693441045,10179,96,31.72311679386044,41.72474562848182
25.925452429982975,40.88852244811207,27.416932232095313,32286,71,17.045923773785162,40.74128758570259
29.146683193818898,45.46534090781666,46.12249703817534,11610,35,23.829821014251152,41.59967953598018
35.983379042602905,65.05902800965892,33.359157650079965,11430,82,11.381083651181477,31.27087022457583
25.302535164565736,63.062337966855296,35.4445206178907,12154,64,26.644111312038934,34.63772521240779
35.588090273656164,40.94835973762192,30.77700108199297,18828,47,29.005860438518212,37.8654201103725
28.6641120720542,47.76902566765323,37.788525543047825,15145,105,17.971240763612336,36.87638298828333
26.53614275908153,48.0876178805825,24.905716177550683,11488,21,43.74100965079298,32.9041246962505
34.05758314973396,63.516246025955496,31.73244609955282,26121,84,41.83091138280347,53.02059866852432
33.17625700813849,40.68986882140275,49.082369670058625,27909,29,35.27501324095671,54.000425826741555
36.40713617585169,43.64380036946008,27.744002981033827,8850,96,28.66853200678769,34.736124410410184
34.55592356945051,67.99706298806163,39.70209993623877,22073,46,40.44892058766897,47.411656583771304
35.44525209500303,46.249063171901675,29.755701926740848,18564,89,14.572832033821202,35.982075202814045
28.666449443426984,62.84611377481561,43.204193770598025,31526,34,37.66784279962097,55.32927088490054
27.306714069136397,48.33639733663543,23.926209821550493,26559,102,14.36872848883969,39.69452817948666
34.757991771331156,43.48044874657708,49.094631352356345,30032,29,37.79737318922919,53.073071993020235
35.488851610474434,48.51102668498089,33.61368624150918,10078,62,19.651864888797494,31.060540479445244
37.87656684600876,65.27934261494806,27.08151390039392,31706,85,40.69817033563661,54.78501664360425
30.364029799848545,69.94937638372,22.204902419900378,17168,35,43.04147328388893,37.499177822912856
29.83623511530618,69.0576952598447,25.09273715262622,34794,56,15.207858929179046,43.24021498977124
35.09336848964596,53.90142353664592,35.59321845668053,33820,40,26.193646177288773,49.21119538830311
29.43044602328923,63.382979779972615,30.11009529293859,10448,28,44.334558235693976,40.12367412713252
37.09984523284634,47.17445033955374,44.866500976478285,22563,71,26.91926025906013,50.364480158052444
36.15936577395915,50.26017055913546,32.92662570985418,33861,51,40.22416328800908,55.0848178328956
30.57692235587524,71.37175364823919,27.461428177628896,33141,72,30.605603274596195,48.26558037723422
34.761323881289464,40.45506732287576,38.5143495981209,14074,35,23.136546777186066,36.94961951557561
34.80905736310087,42.992798579906385,41.203316506563375,11406,96,20.00242444340546,40.55769578774526
26.340610294867123,47.27601893011096,25.011257237028495,29975,83,17.112808188013055,39.64097743204218
36.733187786834364,40.92862713558369,25.02857648864953,28291,17,36.662936698219404,40.20792582582319
31.568280841822144,46.35024022814291,21.10014280800629,13800,101,23.528917738805976,38.204354187510056
35.74394705940064,60.40645463393923,42.09206045196922,19083,104,27.89464117702629,47.27297146121117
29.16064481339795,54.74985927073743,39.91413582865415,6638,51,27.23139180004137,37.807957630763454
36.64180197045061,71.24350988769412,34.23892627249442,27055,102,30.204766023159593,51.84913812315877
30.05962182354412,68.61052466084543,45.325113469075916,28312,63,40.29520009685933,58.259852238174304
25.140889469243877,51.963607309425655,44.170104588501594,15340,33,44.32587702542003,45.732778297730306
36.76996569345043,49.07982017009524,37.560630931902566,6382,103,24.265447300083594,32.70403517366533
26.186726798219738,53.28923428585434,46.04813841539776,6403,99,38.963162273720606,44.05434870817657
29.151077288675395,60.66032298801827,26.175236301103048,14011,26,36.758472812915116,37.474567956984274
37.350805571660466,49.38222742880067,23.357588581931836,8292,75,30.073513300945063,31.251920737741077
37.35789291018823,61.84521177471969,28.092488345509686,14011,55,43.46165002641766,39.22359085042691
32.45469254560272,54.32940782669341,21.712605682679445,5419,47,17.0166080434941,26.295680157928054
33.21388375820739,59.321651329819304,35.935085840030965,17411,64,13.82424736083675,36.75958521321483
30.829791785718157,55.264428519736086,48.098170768848846,9517,82,39.888668843439774,46.685662150668286
28.811740032074837,50.30630158396712,21.18030622005529,24686,85,25.37024358218119,40.38159023431557
29.27263908980891,73.19586574367548,23.663297420300804,29241,100,39.64390989724711,52.18710658429949
33.7427399290015,66.72620279559163,33.565970848503056,20422,47,41.25815718183952,42.61275040601959
34.780868882689845,44.90396115182584,48.01625052583715,14700,95,12.1860157766675,42.45172110409625
35.29052756843603,70.39637915642695,29.484683149302516,29254,38,40.92126670451212,50.108643677286636
35.2650358563292,57.06009193873298,35.217044260651775,10693,75,25.691166937929776,35.79644383347706
26.185679339632976,71.3093279412932,21.247185771511763,5767,75,27.865137115148126,28.465467456570575
31.427463961133558,67.99493395815603,24.450296028862667,23428,112,31.930737888262357,47.75316344593561
25.748263880216374,54.88247265642317,49.598903688765404,19818,42,42.423391235553034,54.89659176951833
32.14387547020856,40.78642579120411,48.95356089308137,31715,72,10.66906330504174,51.09346436171784
30.7398965178539,49.40370757847312,20.14819942803229,32605,57,26.6895213911236,45.73605685609359
36.540154375857895,58.95719751313034,48.55435356269717,6549,55,34.070271485069625,38.23532911946434
29.561895163177024,62.171737693915155,39.17359813446501,14956,53,35.294743519438,39.74216073801428
26.521871213558875,49.02606899016208,46.03754883560066,11140,100,34.23863510379878,41.316959850160224
26.858891866686868,44.877462592548845,33.64219566901578,15837,63,14.705229529284265,34.38991236444389
34.89963821232714,69.22255828797547,35.46788085737751,8716,31,20.47884559300884,30.337485731764275
33.03683482311139,74.45407632462432,34.6653974077076,34181,112,22.555043389595472,53.764507826880966
26.314594789596274,58.39915638059401,40.005927726383135,34878,84,38.15530226878268,54.93931199784525
26.093388479494966,46.00877500469062,24.189537642689388,9481,84,19.756595534509355,26.506688030425295
34.11259870896856,49.53075642817791,20.899207696180337,29282,112,17.37467373535211,42.91899926485436
25.945919082734516,40.64367367916134,29.23789824773573,11548,79,43.510680666333364,40.96375738631788
35.68418077077463,72.00045822961746,41.1404228820994,23677,88,10.31021497897141,43.071270320368825
34.18114895303445,44.12128790115494,26.05560356368845,9837,99,44.92372994886924,41.339873294657366
26.057534148344697,60.178076642998874,40.202972999747516,12758,19,33.688745460008846,36.1842344064469
26.102890283107495,49.591932724052214,49.097361383218114,15900,16,38.9964254807191,48.1724550873079
37.82631452051528,59.39623008805277,22.81702147368255,28177,36,20.31167887211676,34.09175738615058
29.865520344829562,62.79971359231524,40.17806354675379,29022,71,10.5010347183471,44.317774485305215
29.81834791186958,69.04096312975206,33.312506579137136,12993,80,35.82543314965355,40.51598737093821
35.56639437434753,47.22474451162111,46.04426763132516,27391,88,39.19506089502365,59.041070022800945
37.314231505990165,40.38485400304682,25.314493683421578,10542,112,35.91666461837317,35.215519441401476
37.81801382969732,44.79099705240826,40.778778566784936,30476,30,14.99976005552935,43.68012997406916
34.79391640836624,71.50065246468368,45.14345868944331,32660,65,36.369977278993915,58.95024387390069
29.891374611901906,70.58615271468804,48.3384265842207,27740,53,36.91229737376743,54.961900741535445
26.085509317082693,60.90945857596079,40.49744084868938,31585,100,33.048918048451924,56.55034994599013
35.10290990705668,61.01809011517787,34.91524292025282,29817,90,36.814057647845516,52.10769673985651
32.259255246565466,63.27628360911894,38.53541720603641,19828,102,39.60725038872063,50.218366137229054
30.51488612021069,46.137994751820735,46.06714953436155,28764,54,31.476143998311045,54.699522263019794
36.78260700623157,72.0044181073736,37.118292399164886,21052,52,13.101164988938766,33.77249131834752
26.445567269979968,54.65696837122256,20.911611790905106,7385,74,27.06697333835238,22.660177537553473
31.40412635578117,53.40984848873241,47.92846086520933,19308,73,12.717726713506178,45.49874151855555
25.147597381976446,58.16211968489931,40.68580253094683,25652,24,24.26400608613508,44.49408517857725
31.09258834592364,41.643808837126926,40.29540157331739,5671,113,24.248727119396968,38.0533398020252
25.731942583863887,45.81991790646278,26.470254571931516,5163,78,12.310344544908455,21.432065135823546
26.544632911484936,65.83117657492296,39.766564106979715,13656,77,22.208718688931775,40.215392296958576
26.527841208102362,42.89795337737942,31.815932169624755,16234,63,13.884933457696018,30.01240702124475
33.439733927508826,61.11032383132358,39.53698931124477,25976,78,38.28823235032277,51.30324763280972
34.698583430450505,48.58721883884623,23.19779090923972,9795,46,43.16908090875648,35.824165359414366
32.58379394626307,53.62534649146918,39.735359138091084,15634,21,12.531076634027851,34.09563450061048
37.50824313016905,50.1042807869745,49.98241177311999,9798,35,43.42903225520955,46.39987850072329
29.87331753380815,52.44854507627322,21.446361165816683,27420,34,28.29018097678608,35.20855287584075
28.71425712166419,65.1666066814486,49.31522552663952,23739,40,20.484798728385584,43.94331162051771
36.291788666462985,50.39926004681112,32.20723882168612,27271,82,12.690172634665723,41.55825434501524
27.906745900752885,59.8241624103914,46.12260351011777,33854,100,27.521849382464623,59.74587254409296
37.52189301272794,56.66176407696849,43.471564521748206,34300,29,37.808044057176204,56.91473379047998
25.158008170967612,63.228490787692685,37.01048782960004,29345,118,34.748026704334436,54.74850182627176
37.60842474719931,72.78904087636653,42.153476277539795,15749,99,11.757910401239082,39.02876423577741
25.56107885535749,65.64002340235876,46.35546683904043,10827,93,12.551564237876622,35.91274390244336
36.58486047807492,47.52291325067649,32.12420964953099,30121,100,24.100564892142298,51.861138291977
31.8601144181219,41.09140972714496,29.81099484689716,9719,106,20.335167291678015,33.21559986464431
37.908542349550906,49.17924155049388,40.02780156690754,33411,28,18.133451306961675,46.636987792881406
25.959355341560187,60.82772757450892,44.23537825823776,5593,41,19.835157461804975,28.86095199610945
32.20010569721717,41.79990347194876,42.868554043298474,26223,119,38.12189601539096,60.0
37.60093296304829,57.37281865204327,43.93440946575903,12394,54,42.52298187711489,42.36169296294876
31.800271974211935,60.88949971209112,33.06749944438799,19056,72,24.178594308464824,43.19465014204417
33.18218229575841,51.69853617859363,44.53502648525065,33380,42,41.713885074637396,59.887073773589044
34.044732956800026,66.98192713110376,23.606271661118253,31035,40,21.25234954367587,44.41805645590712
30.909033841981053,43.73093885968201,36.33467293882549,24877,77,26.675294522032708,47.32410019829695
33.15825504109283,42.62982236075331,20.172759814943646,32177,80,17.91101492355999,43.46873518525265
32.5960860550003,65.48660646712611,29.73757489700811,27548,39,32.41666147615454,44.3557179652195
36.71505413638286,57.342196067216946,30.993846046141936,15636,17,44.26433903111831,38.29043630058126
25.590802944438952,64.09408387497076,31.885180748277662,24056,86,31.122258361518252,45.16535552769785
28.652521464698992,55.21895685113112,40.864016200695865,25584,58,22.52349294397421,43.239850708110865
37.355349292995264,48.62407116336874,31.65674303811037,5016,111,32.67361060966849,32.39237556566646
36.57342919058191,68.66858111859699,33.46080867867592,8191,56,14.302223746288565,28.91681288765216
30.92353778621427,67.97955576391428,27.126323926229823,5392,113,41.10306780928895,38.397181416764994
33.06172377141998,64.31437647990494,31.197553748880203,30000,20,27.607938277294274,43.584962632243055
28.605955378754725,49.5250798030487,26.818088817894544,11272,53,25.727240971387474,29.65634630324868
27.445575076408897,60.65807334041805,22.19587771305331,21955,66,30.50526759587317,36.907465242853334
31.02807926421977,52.63408639290094,38.10345780144134,8631,37,31.867435197629085,36.75329939194513
29.593578964338686,43.205372566432196,40.04638395665049,11172,103,12.512153217927956,37.77498761716923
32.58752945406134,72.1059751411785,38.584710380288435,14312,64,33.89160274281909,39.408534778168686
26.010550280544802,44.78865208216365,33.90482131401717,28561,57,18.467608811043533,45.15244259565182
37.66713249966016,73.2583073837281,31.393573405376895,29817,33,34.98834213773064,48.74086305667924
37.82073967823484,55.610202053528454,45.90000948715476,25281,83,38.788717803446886,50.15337613421483
